S1	E1	S2	E2	Reference	Contig	IDY	Ambiguous	Best_group
20511	146296	125786	1	gi_48994873_gb_U00096.2__Escherichia_coli_str._K-12_substr._MG1655__complete_genome	NODE_1_length_125732_cov_221.025070	100.0		True
CONTIG	NODE_1_length_125732_cov_221.025070	125786	correct
3292301	3363627	1	71327	gi_48994873_gb_U00096.2__Escherichia_coli_str._K-12_substr._MG1655__complete_genome	NODE_2_length_71273_cov_232.567642	100.0		True
CONTIG	NODE_2_length_71273_cov_232.567642	71327	correct
3774033	3939518	165486	1	gi_48994873_gb_U00096.2__Escherichia_coli_str._K-12_substr._MG1655__complete_genome	NODE_3_length_165432_cov_240.590546	100.0		True
CONTIG	NODE_3_length_165432_cov_240.590546	165486	correct
3185396	3237687	52292	1	gi_48994873_gb_U00096.2__Escherichia_coli_str._K-12_substr._MG1655__complete_genome	NODE_4_length_52238_cov_227.052216	100.0		True
CONTIG	NODE_4_length_52238_cov_227.052216	52292	correct
2068244	2099823	31580	1	gi_48994873_gb_U00096.2__Escherichia_coli_str._K-12_substr._MG1655__complete_genome	NODE_5_length_31526_cov_227.573425	100.0		True
CONTIG	NODE_5_length_31526_cov_227.573425	31580	correct
1871055	1976579	105525	1	gi_48994873_gb_U00096.2__Escherichia_coli_str._K-12_substr._MG1655__complete_genome	NODE_6_length_105524_cov_224.455505	100.0		True
CONTIG	NODE_6_length_105524_cov_224.455505	105578	correct
695765	728594	32830	1	gi_48994873_gb_U00096.2__Escherichia_coli_str._K-12_substr._MG1655__complete_genome	NODE_7_length_40208_cov_222.079010	100.0		True
local misassembly
688221	695652	40262	32831	gi_48994873_gb_U00096.2__Escherichia_coli_str._K-12_substr._MG1655__complete_genome	NODE_7_length_40208_cov_222.079010	100.0		True
CONTIG	NODE_7_length_40208_cov_222.079010	40262	correct
339340	348954	9615	1	gi_48994873_gb_U00096.2__Escherichia_coli_str._K-12_substr._MG1655__complete_genome	NODE_8_length_33061_cov_231.281174	99.97		True
local misassembly
315654	339154	33115	9616	gi_48994873_gb_U00096.2__Escherichia_coli_str._K-12_substr._MG1655__complete_genome	NODE_8_length_33061_cov_231.281174	99.99		True
CONTIG	NODE_8_length_33061_cov_231.281174	33115	correct
207480	223518	16039	1	gi_48994873_gb_U00096.2__Escherichia_coli_str._K-12_substr._MG1655__complete_genome	NODE_9_length_15985_cov_229.126617	100.0		True
CONTIG	NODE_9_length_15985_cov_229.126617	16039	correct
1096745	1268369	171625	1	gi_48994873_gb_U00096.2__Escherichia_coli_str._K-12_substr._MG1655__complete_genome	NODE_10_length_241978_cov_226.987488	99.99		True
relocation, inconsistency = 171681
914512	925063	182177	171626	gi_48994873_gb_U00096.2__Escherichia_coli_str._K-12_substr._MG1655__complete_genome	NODE_10_length_241978_cov_226.987488	99.98		True
relocation, inconsistency = 1302073
2227137	2286991	182178	242032	gi_48994873_gb_U00096.2__Escherichia_coli_str._K-12_substr._MG1655__complete_genome	NODE_10_length_241978_cov_226.987488	99.98		True
CONTIG	NODE_10_length_241978_cov_226.987488	242032	misassembled
4324412	4334171	9760	1	gi_48994873_gb_U00096.2__Escherichia_coli_str._K-12_substr._MG1655__complete_genome	NODE_11_length_39452_cov_216.082123	99.98		True
local misassembly
4294368	4324111	39506	9761	gi_48994873_gb_U00096.2__Escherichia_coli_str._K-12_substr._MG1655__complete_genome	NODE_11_length_39452_cov_216.082123	99.97		True
CONTIG	NODE_11_length_39452_cov_216.082123	39506	correct
2566276	2660514	1	94239	gi_48994873_gb_U00096.2__Escherichia_coli_str._K-12_substr._MG1655__complete_genome	NODE_12_length_157717_cov_217.022003	100.0		True
local misassembly
2660606	2724137	94240	157771	gi_48994873_gb_U00096.2__Escherichia_coli_str._K-12_substr._MG1655__complete_genome	NODE_12_length_157717_cov_217.022003	99.99		True
CONTIG	NODE_12_length_157717_cov_217.022003	157771	correct
392143	550716	1	158575	gi_48994873_gb_U00096.2__Escherichia_coli_str._K-12_substr._MG1655__complete_genome	NODE_13_length_158521_cov_220.528687	99.99		True
CONTIG	NODE_13_length_158521_cov_220.528687	158575	correct
4334140	4376995	1	42856	gi_48994873_gb_U00096.2__Escherichia_coli_str._K-12_substr._MG1655__complete_genome	NODE_14_length_42802_cov_250.593079	100.0		True
CONTIG	NODE_14_length_42802_cov_250.593079	42856	correct
164581	207487	1	42907	gi_48994873_gb_U00096.2__Escherichia_coli_str._K-12_substr._MG1655__complete_genome	NODE_15_length_42853_cov_223.224625	100.0		True
CONTIG	NODE_15_length_42853_cov_223.224625	42907	correct
3426963	3468239	41277	1	gi_48994873_gb_U00096.2__Escherichia_coli_str._K-12_substr._MG1655__complete_genome	NODE_16_length_41223_cov_254.730347	100.0		True
CONTIG	NODE_16_length_41223_cov_254.730347	41277	correct
3489726	3581503	1	91777	gi_48994873_gb_U00096.2__Escherichia_coli_str._K-12_substr._MG1655__complete_genome	NODE_17_length_91723_cov_226.014145	99.99		True
CONTIG	NODE_17_length_91723_cov_226.014145	91777	correct
3651206	3664281	1	13076	gi_48994873_gb_U00096.2__Escherichia_coli_str._K-12_substr._MG1655__complete_genome	NODE_19_length_13022_cov_268.391479	100.0		True
CONTIG	NODE_19_length_13022_cov_268.391479	13076	correct
1977242	2064233	86992	1	gi_48994873_gb_U00096.2__Escherichia_coli_str._K-12_substr._MG1655__complete_genome	NODE_21_length_86938_cov_232.251450	100.0		True
CONTIG	NODE_21_length_86938_cov_232.251450	86992	correct
925148	1049104	123957	1	gi_48994873_gb_U00096.2__Escherichia_coli_str._K-12_substr._MG1655__complete_genome	NODE_22_length_123903_cov_225.787247	100.0		True
CONTIG	NODE_22_length_123903_cov_225.787247	123957	correct
3623447	3650106	1	26660	gi_48994873_gb_U00096.2__Escherichia_coli_str._K-12_substr._MG1655__complete_genome	NODE_23_length_26606_cov_234.617340	100.0		True
CONTIG	NODE_23_length_26606_cov_234.617340	26660	correct
1395214	1421416	26203	1	gi_48994873_gb_U00096.2__Escherichia_coli_str._K-12_substr._MG1655__complete_genome	NODE_24_length_26149_cov_244.166321	100.0		True
CONTIG	NODE_24_length_26149_cov_244.166321	26203	correct
1634863	1648920	14058	1	gi_48994873_gb_U00096.2__Escherichia_coli_str._K-12_substr._MG1655__complete_genome	NODE_25_length_14004_cov_249.807770	100.0		True
CONTIG	NODE_25_length_14004_cov_249.807770	14058	correct
1706783	1871063	1	164281	gi_48994873_gb_U00096.2__Escherichia_coli_str._K-12_substr._MG1655__complete_genome	NODE_26_length_164280_cov_225.735931	100.0		True
CONTIG	NODE_26_length_164280_cov_225.735931	164334	correct
4392265	4496257	1	103993	gi_48994873_gb_U00096.2__Escherichia_coli_str._K-12_substr._MG1655__complete_genome	NODE_27_length_103939_cov_233.409271	100.0		True
CONTIG	NODE_27_length_103939_cov_233.409271	103993	correct
2187894	2227232	39339	1	gi_48994873_gb_U00096.2__Escherichia_coli_str._K-12_substr._MG1655__complete_genome	NODE_28_length_39285_cov_217.054977	100.0		True
CONTIG	NODE_28_length_39285_cov_217.054977	39339	correct
1067704	1093520	25817	1	gi_48994873_gb_U00096.2__Escherichia_coli_str._K-12_substr._MG1655__complete_genome	NODE_29_length_25763_cov_217.888321	100.0		True
CONTIG	NODE_29_length_25763_cov_217.888321	25817	correct
1468487	1518111	49625	1	gi_48994873_gb_U00096.2__Escherichia_coli_str._K-12_substr._MG1655__complete_genome	NODE_30_length_49571_cov_231.940750	100.0		True
CONTIG	NODE_30_length_49571_cov_231.940750	49625	correct
2303034	2447225	1	144192	gi_48994873_gb_U00096.2__Escherichia_coli_str._K-12_substr._MG1655__complete_genome	NODE_31_length_144138_cov_221.875916	100.0		True
CONTIG	NODE_31_length_144138_cov_221.875916	144192	correct
856789	914320	1	57532	gi_48994873_gb_U00096.2__Escherichia_coli_str._K-12_substr._MG1655__complete_genome	NODE_32_length_57478_cov_219.709152	100.0		True
CONTIG	NODE_32_length_57478_cov_219.709152	57532	correct
1569773	1624375	1	54603	gi_48994873_gb_U00096.2__Escherichia_coli_str._K-12_substr._MG1655__complete_genome	NODE_33_length_54549_cov_241.447861	100.0		True
CONTIG	NODE_33_length_54549_cov_241.447861	54603	correct
2513587	2519274	1	5688	gi_48994873_gb_U00096.2__Escherichia_coli_str._K-12_substr._MG1655__complete_genome	NODE_34_length_81881_cov_218.078110	99.98		True
relocation, inconsistency = -1738683
780592	856838	5689	81935	gi_48994873_gb_U00096.2__Escherichia_coli_str._K-12_substr._MG1655__complete_genome	NODE_34_length_81881_cov_218.078110	100.0		True
CONTIG	NODE_34_length_81881_cov_218.078110	81935	misassembled
3268111	3292307	1	24197	gi_48994873_gb_U00096.2__Escherichia_coli_str._K-12_substr._MG1655__complete_genome	NODE_35_length_24143_cov_234.986542	99.99		True
CONTIG	NODE_35_length_24143_cov_234.986542	24197	correct
4377003	4390436	13434	1	gi_48994873_gb_U00096.2__Escherichia_coli_str._K-12_substr._MG1655__complete_genome	NODE_36_length_13380_cov_224.852020	100.0		True
CONTIG	NODE_36_length_13380_cov_224.852020	13434	correct
2995663	3103365	1	107703	gi_48994873_gb_U00096.2__Escherichia_coli_str._K-12_substr._MG1655__complete_genome	NODE_38_length_107649_cov_232.286728	100.0		True
CONTIG	NODE_38_length_107649_cov_232.286728	107703	correct
4569066	4604140	35075	1	gi_48994873_gb_U00096.2__Escherichia_coli_str._K-12_substr._MG1655__complete_genome	NODE_39_length_35021_cov_243.522339	100.0		True
CONTIG	NODE_39_length_35021_cov_243.522339	35075	correct
4506651	4569117	62467	1	gi_48994873_gb_U00096.2__Escherichia_coli_str._K-12_substr._MG1655__complete_genome	NODE_40_length_62413_cov_241.242920	100.0		True
CONTIG	NODE_40_length_62413_cov_241.242920	62467	correct
314453	315707	1	1255	gi_48994873_gb_U00096.2__Escherichia_coli_str._K-12_substr._MG1655__complete_genome	NODE_41_length_1201_cov_1039.996704	100.0		True
CONTIG	NODE_41_length_1201_cov_1039.996704	1255	correct
1268360	1268889	530	1	gi_48994873_gb_U00096.2__Escherichia_coli_str._K-12_substr._MG1655__complete_genome	NODE_44_length_476_cov_160.212189	99.43		True
CONTIG	NODE_44_length_476_cov_160.212189	530	correct
3103335	3128216	24882	1	gi_48994873_gb_U00096.2__Escherichia_coli_str._K-12_substr._MG1655__complete_genome	NODE_45_length_24828_cov_231.395523	100.0		True
CONTIG	NODE_45_length_24828_cov_231.395523	24882	correct
146284	164594	1	18311	gi_48994873_gb_U00096.2__Escherichia_coli_str._K-12_substr._MG1655__complete_genome	NODE_46_length_18257_cov_247.643097	100.0		True
CONTIG	NODE_46_length_18257_cov_247.643097	18311	correct
3237657	3267957	30301	1	gi_48994873_gb_U00096.2__Escherichia_coli_str._K-12_substr._MG1655__complete_genome	NODE_47_length_30247_cov_239.393860	100.0		True
CONTIG	NODE_47_length_30247_cov_239.393860	30301	correct
1298718	1394116	95399	1	gi_48994873_gb_U00096.2__Escherichia_coli_str._K-12_substr._MG1655__complete_genome	NODE_49_length_95393_cov_224.687469	100.0		True
CONTIG	NODE_49_length_95393_cov_224.687469	95447	correct
4211136	4293911	82776	1	gi_48994873_gb_U00096.2__Escherichia_coli_str._K-12_substr._MG1655__complete_genome	NODE_50_length_82722_cov_231.147934	100.0		True
CONTIG	NODE_50_length_82722_cov_231.147934	82776	correct
2729341	2797663	1	68323	gi_48994873_gb_U00096.2__Escherichia_coli_str._K-12_substr._MG1655__complete_genome	NODE_51_length_68269_cov_240.857620	99.99		True
CONTIG	NODE_51_length_68269_cov_240.857620	68323	correct
555861	566047	1	10187	gi_48994873_gb_U00096.2__Escherichia_coli_str._K-12_substr._MG1655__complete_genome	NODE_52_length_10133_cov_260.777863	100.0		True
CONTIG	NODE_52_length_10133_cov_260.777863	10187	correct
4038577	4080712	42138	3	gi_48994873_gb_U00096.2__Escherichia_coli_str._K-12_substr._MG1655__complete_genome	NODE_53_length_42084_cov_246.428482	100.0		True
CONTIG	NODE_53_length_42084_cov_246.428482	42138	correct
4092652	4151593	1	58942	gi_48994873_gb_U00096.2__Escherichia_coli_str._K-12_substr._MG1655__complete_genome	NODE_54_length_71547_cov_227.399841	99.99		True
local misassembly
4151717	4164375	58943	71601	gi_48994873_gb_U00096.2__Escherichia_coli_str._K-12_substr._MG1655__complete_genome	NODE_54_length_71547_cov_227.399841	99.99		True
CONTIG	NODE_54_length_71547_cov_227.399841	71601	correct
1518102	1526261	8160	1	gi_48994873_gb_U00096.2__Escherichia_coli_str._K-12_substr._MG1655__complete_genome	NODE_55_length_8106_cov_231.818649	100.0		True
CONTIG	NODE_55_length_8106_cov_231.818649	8160	correct
2519489	2566221	46733	1	gi_48994873_gb_U00096.2__Escherichia_coli_str._K-12_substr._MG1655__complete_genome	NODE_56_length_46715_cov_222.928421	100.0		True
CONTIG	NODE_56_length_46715_cov_222.928421	46769	correct
550718	555873	1	5156	gi_48994873_gb_U00096.2__Escherichia_coli_str._K-12_substr._MG1655__complete_genome	NODE_57_length_5102_cov_211.807327	100.0		True
CONTIG	NODE_57_length_5102_cov_211.807327	5156	correct
2100919	2168246	1	67328	gi_48994873_gb_U00096.2__Escherichia_coli_str._K-12_substr._MG1655__complete_genome	NODE_58_length_67274_cov_222.318375	100.0		True
CONTIG	NODE_58_length_67274_cov_222.318375	67328	correct
3129315	3184170	54856	1	gi_48994873_gb_U00096.2__Escherichia_coli_str._K-12_substr._MG1655__complete_genome	NODE_59_length_54802_cov_230.381256	100.0		True
CONTIG	NODE_59_length_54802_cov_230.381256	54856	correct
3390184	3421737	31555	1	gi_48994873_gb_U00096.2__Escherichia_coli_str._K-12_substr._MG1655__complete_genome	NODE_60_length_56869_cov_235.064453	99.98		True
local misassembly
3364724	3390091	56923	31556	gi_48994873_gb_U00096.2__Escherichia_coli_str._K-12_substr._MG1655__complete_genome	NODE_60_length_56869_cov_235.064453	99.99		True
CONTIG	NODE_60_length_56869_cov_235.064453	56923	correct
381763	390985	9223	1	gi_48994873_gb_U00096.2__Escherichia_coli_str._K-12_substr._MG1655__complete_genome	NODE_61_length_9169_cov_239.827789	100.0		True
CONTIG	NODE_61_length_9169_cov_239.827789	9223	correct
3469163	3489721	20559	1	gi_48994873_gb_U00096.2__Escherichia_coli_str._K-12_substr._MG1655__complete_genome	NODE_62_length_20505_cov_233.223114	100.0		True
CONTIG	NODE_62_length_20505_cov_233.223114	20559	correct
1049719	1067274	1	17556	gi_48994873_gb_U00096.2__Escherichia_coli_str._K-12_substr._MG1655__complete_genome	NODE_63_length_17502_cov_225.687805	100.0		True
CONTIG	NODE_63_length_17502_cov_225.687805	17556	correct
3944919	4025533	1	80616	gi_48994873_gb_U00096.2__Escherichia_coli_str._K-12_substr._MG1655__complete_genome	NODE_64_length_88171_cov_227.998413	99.98		True
local misassembly
4025633	4033241	80617	88225	gi_48994873_gb_U00096.2__Escherichia_coli_str._K-12_substr._MG1655__complete_genome	NODE_64_length_88171_cov_227.998413	99.99		True
CONTIG	NODE_64_length_88171_cov_227.998413	88225	correct
223864	224771	1	908	gi_48994873_gb_U00096.2__Escherichia_coli_str._K-12_substr._MG1655__complete_genome	NODE_65_length_854_cov_1572.844238	99.78		True
CONTIG	NODE_65_length_854_cov_1572.844238	908	correct
580532	607283	1	26752	gi_48994873_gb_U00096.2__Escherichia_coli_str._K-12_substr._MG1655__complete_genome	NODE_67_length_26698_cov_226.978836	100.0		True
CONTIG	NODE_67_length_26698_cov_226.978836	26752	correct
2288082	2300720	1	12639	gi_48994873_gb_U00096.2__Escherichia_coli_str._K-12_substr._MG1655__complete_genome	NODE_68_length_12585_cov_204.111954	100.0		True
CONTIG	NODE_68_length_12585_cov_204.111954	12639	correct
2300717	2302512	1	1796	gi_48994873_gb_U00096.2__Escherichia_coli_str._K-12_substr._MG1655__complete_genome	NODE_69_length_1742_cov_209.561417	100.0		True
CONTIG	NODE_69_length_1742_cov_209.561417	1796	correct
1530615	1568747	1	38133	gi_48994873_gb_U00096.2__Escherichia_coli_str._K-12_substr._MG1655__complete_genome	NODE_70_length_38079_cov_220.678879	100.0		True
CONTIG	NODE_70_length_38079_cov_220.678879	38133	correct
1624328	1630848	6521	1	gi_48994873_gb_U00096.2__Escherichia_coli_str._K-12_substr._MG1655__complete_genome	NODE_72_length_6467_cov_228.332458	99.97		True
CONTIG	NODE_72_length_6467_cov_228.332458	6521	correct
1	15440	15440	1	gi_48994873_gb_U00096.2__Escherichia_coli_str._K-12_substr._MG1655__complete_genome	NODE_73_length_50926_cov_219.462906	100.0		True
fake: not a misassembly [linear representation of circular genome]
4604136	4639675	50980	15441	gi_48994873_gb_U00096.2__Escherichia_coli_str._K-12_substr._MG1655__complete_genome	NODE_73_length_50926_cov_219.462906	100.0		True
CONTIG	NODE_73_length_50926_cov_219.462906	50980	correct
1094673	1096418	1746	1	gi_48994873_gb_U00096.2__Escherichia_coli_str._K-12_substr._MG1655__complete_genome	NODE_74_length_1692_cov_260.142426	99.89		True
CONTIG	NODE_74_length_1692_cov_260.142426	1746	correct
15387	16731	1	1345	gi_48994873_gb_U00096.2__Escherichia_coli_str._K-12_substr._MG1655__complete_genome	NODE_75_length_1291_cov_700.868347	100.0		True
CONTIG	NODE_75_length_1291_cov_700.868347	1345	correct
608521	687122	1	78602	gi_48994873_gb_U00096.2__Escherichia_coli_str._K-12_substr._MG1655__complete_genome	NODE_76_length_78548_cov_226.006775	100.0		True
CONTIG	NODE_76_length_78548_cov_226.006775	78602	correct
380484	381162	679	1	gi_48994873_gb_U00096.2__Escherichia_coli_str._K-12_substr._MG1655__complete_genome	NODE_77_length_625_cov_1185.875244	100.0		True
CONTIG	NODE_77_length_625_cov_1185.875244	679	correct
2169399	2187895	18502	4	gi_48994873_gb_U00096.2__Escherichia_coli_str._K-12_substr._MG1655__complete_genome	NODE_78_length_18448_cov_232.520004	99.99		True
CONTIG	NODE_78_length_18448_cov_232.520004	18502	correct
270932	273232	2301	1	gi_48994873_gb_U00096.2__Escherichia_coli_str._K-12_substr._MG1655__complete_genome	NODE_79_length_2247_cov_212.612366	100.0		True
CONTIG	NODE_79_length_2247_cov_212.612366	2301	correct
4175079	4205919	1	30841	gi_48994873_gb_U00096.2__Escherichia_coli_str._K-12_substr._MG1655__complete_genome	NODE_80_length_30787_cov_229.115250	100.0		True
CONTIG	NODE_80_length_30787_cov_229.115250	30841	correct
1426241	1430351	1	4111	gi_48994873_gb_U00096.2__Escherichia_coli_str._K-12_substr._MG1655__complete_genome	NODE_81_length_4057_cov_203.221100	100.0		True
CONTIG	NODE_81_length_4057_cov_203.221100	4111	correct
228952	257907	29010	55	gi_48994873_gb_U00096.2__Escherichia_coli_str._K-12_substr._MG1655__complete_genome	NODE_82_length_28956_cov_231.666626	99.99		True
CONTIG	NODE_82_length_28956_cov_231.666626	29010	correct
3765375	3774041	1	8667	gi_48994873_gb_U00096.2__Escherichia_coli_str._K-12_substr._MG1655__complete_genome	NODE_83_length_8613_cov_255.245438	99.98		True
CONTIG	NODE_83_length_8613_cov_255.245438	8667	correct
4080714	4092414	1	11701	gi_48994873_gb_U00096.2__Escherichia_coli_str._K-12_substr._MG1655__complete_genome	NODE_84_length_11647_cov_227.747147	100.0		True
CONTIG	NODE_84_length_11647_cov_227.747147	11701	correct
4497482	4505534	8053	1	gi_48994873_gb_U00096.2__Escherichia_coli_str._K-12_substr._MG1655__complete_genome	NODE_87_length_7999_cov_272.499298	100.0		True
CONTIG	NODE_87_length_7999_cov_272.499298	8053	correct
3468186	3469216	1031	1	gi_48994873_gb_U00096.2__Escherichia_coli_str._K-12_substr._MG1655__complete_genome	NODE_88_length_977_cov_459.439087	100.0		True
CONTIG	NODE_88_length_977_cov_459.439087	1031	correct
290574	314506	1	23933	gi_48994873_gb_U00096.2__Escherichia_coli_str._K-12_substr._MG1655__complete_genome	NODE_89_length_23879_cov_239.085144	100.0		True
CONTIG	NODE_89_length_23879_cov_239.085144	23933	correct
2447215	2512348	1	65134	gi_48994873_gb_U00096.2__Escherichia_coli_str._K-12_substr._MG1655__complete_genome	NODE_90_length_65080_cov_245.757706	100.0		True
CONTIG	NODE_90_length_65080_cov_245.757706	65134	correct
349096	356753	7658	1	gi_48994873_gb_U00096.2__Escherichia_coli_str._K-12_substr._MG1655__complete_genome	NODE_92_length_7604_cov_199.792221	100.0		True
CONTIG	NODE_92_length_7604_cov_199.792221	7658	correct
257900	269816	11917	1	gi_48994873_gb_U00096.2__Escherichia_coli_str._K-12_substr._MG1655__complete_genome	NODE_94_length_11916_cov_228.672379	100.0		True
CONTIG	NODE_94_length_11916_cov_228.672379	11970	correct
227494	228688	1195	1	gi_48994873_gb_U00096.2__Escherichia_coli_str._K-12_substr._MG1655__complete_genome	NODE_95_length_1141_cov_1684.269043	100.0		True
CONTIG	NODE_95_length_1141_cov_1684.269043	1195	correct
734270	736272	1	2003	gi_48994873_gb_U00096.2__Escherichia_coli_str._K-12_substr._MG1655__complete_genome	NODE_96_length_1949_cov_246.748596	99.9		True
CONTIG	NODE_96_length_1949_cov_246.748596	2003	correct
3763622	3765265	1644	1	gi_48994873_gb_U00096.2__Escherichia_coli_str._K-12_substr._MG1655__complete_genome	NODE_97_length_1590_cov_256.518860	99.7		True
CONTIG	NODE_97_length_1590_cov_256.518860	1644	correct
279283	289910	10628	1	gi_48994873_gb_U00096.2__Escherichia_coli_str._K-12_substr._MG1655__complete_genome	NODE_98_length_10574_cov_159.952240	100.0		True
CONTIG	NODE_98_length_10574_cov_159.952240	10628	correct
4169731	4174155	4425	1	gi_48994873_gb_U00096.2__Escherichia_coli_str._K-12_substr._MG1655__complete_genome	NODE_100_length_4371_cov_270.708771	100.0		True
CONTIG	NODE_100_length_4371_cov_270.708771	4425	correct
1421540	1426073	4534	1	gi_48994873_gb_U00096.2__Escherichia_coli_str._K-12_substr._MG1655__complete_genome	NODE_101_length_4480_cov_262.506470	100.0		True
CONTIG	NODE_101_length_4480_cov_262.506470	4534	correct
574960	577542	2583	1	gi_48994873_gb_U00096.2__Escherichia_coli_str._K-12_substr._MG1655__complete_genome	NODE_103_length_2529_cov_282.414398	100.0		True
CONTIG	NODE_103_length_2529_cov_282.414398	2583	correct
3582169	3619158	1	36990	gi_48994873_gb_U00096.2__Escherichia_coli_str._K-12_substr._MG1655__complete_genome	NODE_104_length_36936_cov_214.553955	100.0		True
CONTIG	NODE_104_length_36936_cov_214.553955	36990	correct
2726037	2727226	1	1190	gi_48994873_gb_U00096.2__Escherichia_coli_str._K-12_substr._MG1655__complete_genome	NODE_105_length_1136_cov_1706.958618	100.0		True
CONTIG	NODE_105_length_1136_cov_1706.958618	1190	correct
3664228	3665360	1	1133	gi_48994873_gb_U00096.2__Escherichia_coli_str._K-12_substr._MG1655__complete_genome	NODE_106_length_1079_cov_413.476379	100.0		True
CONTIG	NODE_106_length_1079_cov_413.476379	1133	correct
567205	573862	1	6658	gi_48994873_gb_U00096.2__Escherichia_coli_str._K-12_substr._MG1655__complete_genome	NODE_107_length_6604_cov_265.949127	100.0		True
CONTIG	NODE_107_length_6604_cov_265.949127	6658	correct
2065270	2067017	1748	1	gi_48994873_gb_U00096.2__Escherichia_coli_str._K-12_substr._MG1655__complete_genome	NODE_110_length_1694_cov_280.708374	100.0		True
CONTIG	NODE_110_length_1694_cov_280.708374	1748	correct
274320	278439	4120	1	gi_48994873_gb_U00096.2__Escherichia_coli_str._K-12_substr._MG1655__complete_genome	NODE_111_length_4066_cov_196.055588	100.0		True
CONTIG	NODE_111_length_4066_cov_196.055588	4120	correct
2945708	2994434	48727	1	gi_48994873_gb_U00096.2__Escherichia_coli_str._K-12_substr._MG1655__complete_genome	NODE_112_length_196623_cov_229.118378	100.0		True
local misassembly
2797648	2945597	196677	48728	gi_48994873_gb_U00096.2__Escherichia_coli_str._K-12_substr._MG1655__complete_genome	NODE_112_length_196623_cov_229.118378	99.99		True
CONTIG	NODE_112_length_196623_cov_229.118378	196677	correct
16679	19849	3171	1	gi_48994873_gb_U00096.2__Escherichia_coli_str._K-12_substr._MG1655__complete_genome	NODE_116_length_3117_cov_246.399109	100.0		True
CONTIG	NODE_116_length_3117_cov_246.399109	3171	correct
577666	579585	1	1920	gi_48994873_gb_U00096.2__Escherichia_coli_str._K-12_substr._MG1655__complete_genome	NODE_118_length_1866_cov_299.389618	100.0		True
CONTIG	NODE_118_length_1866_cov_299.389618	1920	correct
1632993	1633916	1	924	gi_48994873_gb_U00096.2__Escherichia_coli_str._K-12_substr._MG1655__complete_genome	NODE_119_length_870_cov_207.048279	100.0		True
CONTIG	NODE_119_length_870_cov_207.048279	924	correct
1067232	1067743	512	1	gi_48994873_gb_U00096.2__Escherichia_coli_str._K-12_substr._MG1655__complete_genome	NODE_122_length_458_cov_159.858078	100.0		True
CONTIG	NODE_122_length_458_cov_159.858078	512	correct
1269714	1298721	29057	50	gi_48994873_gb_U00096.2__Escherichia_coli_str._K-12_substr._MG1655__complete_genome	NODE_124_length_29003_cov_226.378891	100.0		True
CONTIG	NODE_124_length_29003_cov_226.378891	29057	correct
4390630	4392311	1682	1	gi_48994873_gb_U00096.2__Escherichia_coli_str._K-12_substr._MG1655__complete_genome	NODE_125_length_1628_cov_244.909698	100.0		True
CONTIG	NODE_125_length_1628_cov_244.909698	1682	correct
737866	780645	1	42783	gi_48994873_gb_U00096.2__Escherichia_coli_str._K-12_substr._MG1655__complete_genome	NODE_126_length_42729_cov_221.245407	99.99		True
CONTIG	NODE_126_length_42729_cov_221.245407	42783	correct
381109	381814	706	1	gi_48994873_gb_U00096.2__Escherichia_coli_str._K-12_substr._MG1655__complete_genome	NODE_130_length_652_cov_1527.533691	100.0		True
CONTIG	NODE_130_length_652_cov_1527.533691	706	correct
273796	274319	524	1	gi_48994873_gb_U00096.2__Escherichia_coli_str._K-12_substr._MG1655__complete_genome	NODE_134_length_470_cov_2567.559570	100.0		True
CONTIG	NODE_134_length_470_cov_2567.559570	524	correct
1634129	1634710	1	582	gi_48994873_gb_U00096.2__Escherichia_coli_str._K-12_substr._MG1655__complete_genome	NODE_139_length_528_cov_157.164780	100.0		True
CONTIG	NODE_139_length_528_cov_157.164780	582	correct
1430298	1432549	2252	1	gi_48994873_gb_U00096.2__Escherichia_coli_str._K-12_substr._MG1655__complete_genome	NODE_140_length_2198_cov_548.013184	99.91		True
CONTIG	NODE_140_length_2198_cov_548.013184	2252	correct
3620832	3622342	1	1511	gi_48994873_gb_U00096.2__Escherichia_coli_str._K-12_substr._MG1655__complete_genome	NODE_147_length_1457_cov_288.813995	100.0		True
CONTIG	NODE_147_length_1457_cov_288.813995	1511	correct
357115	374389	1	17273	gi_48994873_gb_U00096.2__Escherichia_coli_str._K-12_substr._MG1655__complete_genome	NODE_157_length_23165_cov_207.720047	99.95		True
local misassembly
374590	380535	17274	23219	gi_48994873_gb_U00096.2__Escherichia_coli_str._K-12_substr._MG1655__complete_genome	NODE_157_length_23165_cov_207.720047	99.95		True
CONTIG	NODE_157_length_23165_cov_207.720047	23219	correct
3619909	3620684	1	776	gi_48994873_gb_U00096.2__Escherichia_coli_str._K-12_substr._MG1655__complete_genome	NODE_164_length_722_cov_442.159271	99.23		True
CONTIG	NODE_164_length_722_cov_442.159271	776	correct
1527145	1529968	1	2824	gi_48994873_gb_U00096.2__Escherichia_coli_str._K-12_substr._MG1655__complete_genome	NODE_184_length_2770_cov_240.281586	100.0		True
CONTIG	NODE_184_length_2770_cov_240.281586	2824	correct
732423	733424	1002	1	gi_48994873_gb_U00096.2__Escherichia_coli_str._K-12_substr._MG1655__complete_genome	NODE_188_length_948_cov_256.415619	100.0		True
CONTIG	NODE_188_length_948_cov_256.415619	1002	correct
579738	580319	1	582	gi_48994873_gb_U00096.2__Escherichia_coli_str._K-12_substr._MG1655__complete_genome	NODE_193_length_528_cov_178.323868	100.0		True
CONTIG	NODE_193_length_528_cov_178.323868	582	correct
2725485	2725995	1	511	gi_48994873_gb_U00096.2__Escherichia_coli_str._K-12_substr._MG1655__complete_genome	NODE_207_length_457_cov_1680.958374	100.0		True
CONTIG	NODE_207_length_457_cov_1680.958374	511	correct
2727624	2728141	518	1	gi_48994873_gb_U00096.2__Escherichia_coli_str._K-12_substr._MG1655__complete_genome	NODE_211_length_464_cov_1809.234863	100.0		True
CONTIG	NODE_211_length_464_cov_1809.234863	518	correct
3706550	3760343	53794	1	gi_48994873_gb_U00096.2__Escherichia_coli_str._K-12_substr._MG1655__complete_genome	NODE_216_length_94815_cov_234.091034	100.0		True
local misassembly
3665307	3706381	94869	53795	gi_48994873_gb_U00096.2__Escherichia_coli_str._K-12_substr._MG1655__complete_genome	NODE_216_length_94815_cov_234.091034	100.0		True
CONTIG	NODE_216_length_94815_cov_234.091034	94869	correct
1467320	1468413	1	1094	gi_48994873_gb_U00096.2__Escherichia_coli_str._K-12_substr._MG1655__complete_genome	NODE_217_length_1040_cov_883.252869	100.0		True
CONTIG	NODE_217_length_1040_cov_883.252869	1094	correct
1649520	1706732	1	57213	gi_48994873_gb_U00096.2__Escherichia_coli_str._K-12_substr._MG1655__complete_genome	NODE_219_length_57159_cov_225.674438	100.0		True
CONTIG	NODE_219_length_57159_cov_225.674438	57213	correct
1465044	1465986	943	1	gi_48994873_gb_U00096.2__Escherichia_coli_str._K-12_substr._MG1655__complete_genome	NODE_230_length_33143_cov_222.869232	98.52		True
local misassembly
1432496	1464749	33197	944	gi_48994873_gb_U00096.2__Escherichia_coli_str._K-12_substr._MG1655__complete_genome	NODE_230_length_33143_cov_222.869232	99.88		True
CONTIG	NODE_230_length_33143_cov_222.869232	33197	correct
729882	730749	868	1	gi_48994873_gb_U00096.2__Escherichia_coli_str._K-12_substr._MG1655__complete_genome	NODE_246_length_814_cov_120.593369	99.65		True
CONTIG	NODE_246_length_814_cov_120.593369	868	correct
